{
  "train_accuracy": 0.9356435643564357,
  "test_accuracy": 0.6323529411764706,
  "test_macro_f1": 0.6301062091503268,
  "per_class_f1": [
    0.625,
    0.5882352941176471,
    0.7777777777777778,
    0.5294117647058824
  ],
  "confusion_matrix": [
    [
      10,
      1,
      3,
      2
    ],
    [
      1,
      10,
      2,
      5
    ],
    [
      1,
      1,
      14,
      0
    ],
    [
      4,
      4,
      1,
      9
    ]
  ],
  "feature_importances": [
    0.0,
    0.06224136988003294,
    0.03877908930515441,
    0.04415954202162298,
    0.0,
    0.0,
    0.05635698293582314,
    0.022324268632235255,
    0.041614021687435464,
    0.0,
    0.0,
    0.048294825436797,
    0.03287353272611689,
    0.045952979080005195,
    0.0,
    0.0,
    0.04716726434901561,
    0.03848780067361005,
    0.047641921345364026,
    0.0,
    0.0,
    0.04843229816375155,
    0.08020889995039823,
    0.036405120096302215,
    0.0,
    0.0,
    0.05334136785256254,
    0.054098443058232956,
    0.04243221026189356,
    0.0,
    0.0,
    0.0346584826144305,
    0.058696061671810816,
    0.06583351825740454,
    0.0
  ],
  "n_estimators": 100,
  "max_depth": 8
}