{
  "34": {
    "sensor_node": 34,
    "binary_threshold": 0.01,
    "binary_accuracy": 0.7333333333333333,
    "binary_f1": 0.8461538461533543,
    "intensity_accuracy": 0.4090909090909091,
    "confusion_matrix_binary": {
      "tp": 198,
      "fp": 72,
      "fn": 0,
      "tn": 0
    }
  },
  "37": {
    "sensor_node": 37,
    "binary_threshold": 0.01,
    "binary_accuracy": 0.7333333333333333,
    "binary_f1": 0.8461538461533543,
    "intensity_accuracy": 0.2878787878787879,
    "confusion_matrix_binary": {
      "tp": 198,
      "fp": 72,
      "fn": 0,
      "tn": 0
    }
  },
  "39": {
    "sensor_node": 39,
    "binary_threshold": 0.01,
    "binary_accuracy": 0.7333333333333333,
    "binary_f1": 0.8461538461533543,
    "intensity_accuracy": 0.2777777777777778,
    "confusion_matrix_binary": {
      "tp": 198,
      "fp": 72,
      "fn": 0,
      "tn": 0
    }
  },
  "44": {
    "sensor_node": 44,
    "binary_threshold": 0.01,
    "binary_accuracy": 0.7333333333333333,
    "binary_f1": 0.8461538461533543,
    "intensity_accuracy": 0.398989898989899,
    "confusion_matrix_binary": {
      "tp": 198,
      "fp": 72,
      "fn": 0,
      "tn": 0
    }
  },
  "47": {
    "sensor_node": 47,
    "binary_threshold": 0.01,
    "binary_accuracy": 0.7333333333333333,
    "binary_f1": 0.8461538461533543,
    "intensity_accuracy": 0.3383838383838384,
    "confusion_matrix_binary": {
      "tp": 198,
      "fp": 72,
      "fn": 0,
      "tn": 0
    }
  },
  "49": {
    "sensor_node": 49,
    "binary_threshold": 0.01,
    "binary_accuracy": 0.7333333333333333,
    "binary_f1": 0.8461538461533543,
    "intensity_accuracy": 0.31313131313131315,
    "confusion_matrix_binary": {
      "tp": 198,
      "fp": 72,
      "fn": 0,
      "tn": 0
    }
  },
  "54": {
    "sensor_node": 54,
    "binary_threshold": 0.01,
    "binary_accuracy": 0.7333333333333333,
    "binary_f1": 0.8461538461533543,
    "intensity_accuracy": 0.29797979797979796,
    "confusion_matrix_binary": {
      "tp": 198,
      "fp": 72,
      "fn": 0,
      "tn": 0
    }
  }
}