{
  "per_sensor": {
    "34": {
      "sensor_node": 34,
      "test_loss": 1.435219645500183,
      "test_accuracy": 0.2777777910232544,
      "test_f1": 0.14037418556386422,
      "per_class_f1": [
        0.41691842900267817,
        0.0,
        0.14457831325277865,
        0.0
      ],
      "confusion_matrix": [
        [
          69,
          0,
          3,
          0
        ],
        [
          63,
          0,
          0,
          0
        ],
        [
          66,
          0,
          6,
          0
        ],
        [
          61,
          0,
          2,
          0
        ]
      ]
    },
    "37": {
      "sensor_node": 37,
      "test_loss": 1.446664571762085,
      "test_accuracy": 0.21111111342906952,
      "test_f1": 0.1932272046249458,
      "per_class_f1": [
        0.09523809523760392,
        0.2972972972968881,
        0.061224489795527276,
        0.3191489361697639
      ],
      "confusion_matrix": [
        [
          6,
          57,
          4,
          5
        ],
        [
          15,
          33,
          9,
          6
        ],
        [
          21,
          43,
          3,
          5
        ],
        [
          12,
          26,
          10,
          15
        ]
      ]
    },
    "39": {
      "sensor_node": 39,
      "test_loss": 1.4472662210464478,
      "test_accuracy": 0.192592591047287,
      "test_f1": 0.1354456311085515,
      "per_class_f1": [
        0.04347826086922401,
        0.21705426356538843,
        0.28124999999959355,
        0.0
      ],
      "confusion_matrix": [
        [
          2,
          21,
          49,
          0
        ],
        [
          6,
          14,
          43,
          0
        ],
        [
          9,
          27,
          36,
          0
        ],
        [
          3,
          4,
          56,
          0
        ]
      ]
    },
    "44": {
      "sensor_node": 44,
      "test_loss": 1.4138540029525757,
      "test_accuracy": 0.33703702688217163,
      "test_f1": 0.3230472256213966,
      "per_class_f1": [
        0.33587786259491964,
        0.32335329341269997,
        0.139999999999594,
        0.4929577464783727
      ],
      "confusion_matrix": [
        [
          22,
          35,
          11,
          4
        ],
        [
          11,
          27,
          4,
          21
        ],
        [
          19,
          27,
          7,
          19
        ],
        [
          7,
          15,
          6,
          35
        ]
      ]
    },
    "47": {
      "sensor_node": 47,
      "test_loss": 1.4561232328414917,
      "test_accuracy": 0.192592591047287,
      "test_f1": 0.08724832214755882,
      "per_class_f1": [
        0.34899328859023526,
        0.0,
        0.0,
        0.0
      ],
      "confusion_matrix": [
        [
          52,
          0,
          20,
          0
        ],
        [
          47,
          0,
          16,
          0
        ],
        [
          72,
          0,
          0,
          0
        ],
        [
          55,
          0,
          8,
          0
        ]
      ]
    },
    "49": {
      "sensor_node": 49,
      "test_loss": 1.4226592779159546,
      "test_accuracy": 0.27407407760620117,
      "test_f1": 0.23553488085885352,
      "per_class_f1": [
        0.3749999999995438,
        0.2634730538917425,
        0.07894736842095083,
        0.22471910112317686
      ],
      "confusion_matrix": [
        [
          39,
          26,
          1,
          6
        ],
        [
          34,
          22,
          0,
          7
        ],
        [
          23,
          43,
          3,
          3
        ],
        [
          40,
          13,
          0,
          10
        ]
      ]
    },
    "54": {
      "sensor_node": 54,
      "test_loss": 1.4160950183868408,
      "test_accuracy": 0.24074074625968933,
      "test_f1": 0.24548198589732423,
      "per_class_f1": [
        0.22857142857094168,
        0.2352941176465819,
        0.32758620689607526,
        0.19047619047569808
      ],
      "confusion_matrix": [
        [
          20,
          23,
          11,
          18
        ],
        [
          23,
          12,
          5,
          23
        ],
        [
          24,
          0,
          19,
          29
        ],
        [
          36,
          4,
          9,
          14
        ]
      ]
    }
  },
  "ensemble": {
    "ensemble_accuracy": 0.2111111111111111,
    "per_class_f1": [
      0.2075471698108703,
      0.28749999999951903,
      0.04210526315752687,
      0.27397260273948204
    ],
    "confusion_matrix": [
      [
        22,
        40,
        10,
        0
      ],
      [
        33,
        23,
        7,
        0
      ],
      [
        47,
        23,
        2,
        0
      ],
      [
        38,
        11,
        4,
        10
      ]
    ]
  }
}